﻿pos_x,pos_y,rotation,side,designator,mpn,pack,value,mount_type,place
127.496,-120.151,0.0,bottom,BAT1,,JST_S2B-ZR-SM4A-TF_LF__SN_,S2B-ZR-SM4A-TF_LF__SN_,smt,True
109.8804,-92.3544,90.0,top,C1,,C_0402_1005Metric,100nF,smt,True
106.045,-119.507,0.0,top,C10,,C_0402_1005Metric,0.1uF,smt,True
96.52,-114.808,180.0,top,C11,,C_0402_1005Metric,0.1uF,smt,True
105.918,-115.697,0.0,top,C12,,C_0402_1005Metric,0.1uF,smt,True
96.52,-115.824,180.0,top,C13,,C_0402_1005Metric,0.1uF,smt,True
97.663,-123.698,90.0,top,C14,,C_0402_1005Metric,18pF,smt,True
104.394,-123.698,-90.0,top,C15,,C_0402_1005Metric,18pF,smt,True
102.87,-120.777,0.0,top,C16,,C_0402_1005Metric,1uF,smt,True
102.588,-112.141,0.0,top,C17,,C_0402_1005Metric,1uF,smt,True
126.746,-118.364,90.0,top,C18,,C_0402_1005Metric,10uF,smt,True
96.774,-112.649,-90.0,top,C19,,C_0402_1005Metric,1uF,smt,True
107.9326,-91.8464,0.0,top,C2,,C_0402_1005Metric,1uF,smt,True
116.586,-116.106,-90.0,top,C20,,C_0402_1005Metric,100nF,smt,True
109.601,-120.269,180.0,top,C21,,C_0402_1005Metric,100nF,smt,True
110.998,-92.3544,90.0,top,C3,,C_0402_1005Metric,22uF,smt,True
110.4392,-95.9104,180.0,top,C4,,C_0402_1005Metric,1uF,smt,True
126.8222,-115.0138,90.0,top,C5,,C_0402_1005Metric,10uF,smt,True
132.9436,-115.471,90.0,top,C6,,C_0402_1005Metric,10uF,smt,True
120.6754,-116.6622,0.0,top,C7,,C_0402_1005Metric,10uF,smt,True
118.6942,-116.6622,180.0,top,C8,,C_0402_1005Metric,100nF,smt,True
100.584,-112.141,180.0,top,C9,,C_0402_1005Metric,4.7uF,smt,True
124.968,-113.284,-90.0,top,D1,,SODFL1608X59N,BAS5202VH6327XTSA1,smt,True
132.483468,-124.385,180.0,top,D2,,LED_0402_1005Metric,LED,smt,True
135.001,-124.3596,0.0,top,D3,,LED_0402_1005Metric,LED,smt,True
137.4128,-124.3596,180.0,top,D4,,LED_0402_1005Metric,LED,smt,True
95.273,-124.46,0.0,top,D5,,LED_0402_1005Metric,LED,smt,True
104.521,-94.996,90.0,top,D6,,SODFL1608X59N,BAS5202VH6327XTSA1,smt,True
123.698,-113.284,-90.0,top,D7,,SODFL1608X59N,BAS5202VH6327XTSA1,smt,True
126.848,-122.428,180.0,top,IC1,,SOP254P700X405-4N,IRM-H638T/TR2,smt,True
117.082,-124.13,0.0,top,J1,,HRO_TYPE-C-31-M-12,TYPE-C-31-M-12,smt,True
101.496,-103.88,-90.0,top,J3,,DM3DSF,DM3D-SF,smt,True
110.244,-102.781,-90.0,top,Q1,,SOT50P160X90-3N,NTA4151PT1G,smt,True
106.807,-95.123,0.0,top,Q2,,SOT50P160X90-3N,NTA4151PT1G,smt,True
133.096,-99.02,-90.0,top,Q3,,SOT50P160X90-3N,NTA4151PT1G,smt,True
108.712,-113.03,-90.0,top,Q4,,SOT-523,TPNTA4153NT1G,smt,True
99.671,-120.331,180.0,bottom,QWIIC1,,JST_SM04B-SRSS-TB_LF__SN_,SM04B-SRSS-TB_LF__SN_,smt,True
103.251,-95.123,-90.0,top,R1,,R_0402_1005Metric,100K,smt,True
98.425,-112.141,180.0,top,R10,,R_0402_1005Metric,12K,smt,True
125.095,-117.729,180.0,top,R11,,R_0402_1005Metric,220R,smt,True
105.029,-120.777,0.0,top,R12,,R_0402_1005Metric,12K,smt,True
125.095,-118.872,0.0,top,R13,,R_0402_1005Metric,10K,smt,True
133.096,-96.774,0.0,top,R14,,R_0402_1005Metric,100K,smt,True
116.967,-113.03,-90.0,top,R15,,R_0402_1005Metric,634K,smt,True
98.806,-123.698,-90.0,top,R16,,R_0402_1005Metric,1M,smt,True
110.244,-100.584,0.0,top,R17,,R_0402_1005Metric,100K,smt,True
133.096,-101.219,180.0,top,R18,,R_0402_1005Metric,47,smt,True
133.0686,-91.9734,180.0,top,R19,,R_0402_1005Metric,10K,smt,True
110.4392,-94.7928,0.0,top,R2,,R_0402_1005Metric,5.1K,smt,True
133.096,-93.091,0.0,top,R20,,R_0402_1005Metric,10K,smt,True
133.094,-95.377,180.0,top,R21,,R_0402_1005Metric,10K,smt,True
133.0686,-94.234,0.0,top,R22,,R_0402_1005Metric,10K,smt,True
96.393,-119.38,180.0,top,R23,,R_0402_1005Metric,10K,smt,True
99.695,-120.777,180.0,top,R24,,R_0402_1005Metric,10K,smt,True
110.363,-112.903,90.0,top,R25,,R_0402_1005Metric,12K,smt,True
118.237,-117.856,180.0,top,R3,,R_0402_1005Metric,5.1K,smt,True
120.65,-117.856,180.0,top,R4,,R_0402_1005Metric,5.1K,smt,True
132.5042,-123.2928,180.0,top,R5,,R_0402_1005Metric,220R,smt,True
134.9966,-123.2928,0.0,top,R6,,R_0402_1005Metric,220R,smt,True
132.969,-113.3582,90.0,top,R7,,R_0402_1005Metric,5.1K,smt,True
137.412,-123.2928,180.0,top,R8,,R_0402_1005Metric,220R,smt,True
95.271,-123.444,0.0,top,R9,,R_0402_1005Metric,220R,smt,True
98.806,-91.948,180.0,top,S1,,SW_B3U-3000P,B3U-3000P,smt,True
104.14,-91.917,180.0,top,S2,,SW_B3U-3000P,B3U-3000P,smt,True
117.106,-120.151,0.0,bottom,SPK1,,JST_S2B-ZR-SM4A-TF_LF__SN_,S2B-ZR-SM4A-TF_LF__SN_,smt,True
107.9326,-93.1672,180.0,top,U1,,VREG_NCP167BMX330TBG,NCP167BMX330TBG,smt,True
121.642,-100.108,0.0,top,U2,,ESP32-S3-WROOM-1U,ESP32-S3-WROOM-1,smt,True
119.603,-114.0714,0.0,top,U3,,Maxim_Electronics-21-0896-0-0-0,MAX98357AETE+T,tht,True
129.7885,-114.935,0.0,top,U4,,SOT-23-6,TP4057,smt,True
101.246,-116.459,180.0,top,U5,,QFN-36-1EP_6x6mm_P0.5mm_EP4.1x4.1mm,USB2244,smt,True
114.808,-115.824,90.0,top,U6,,SOT-666,USBLC6-2P6,smt,True
130.960381,-105.93729,180.0,bottom,U7,,fpc_12_pin_0.7_pitch,1.69_Rounded_FPC,smt,False
109.283,-122.8525,90.0,top,U8,,MIC_OWMMOD-403010A-S261F,OWMMOD-403010A-S261F,smt,True
101.6,-123.19,0.0,top,Y1,,Crystal_SMD_3225-4Pin_3.2x2.5mm,Crystal_GND24 (24MHz),smt,True
