﻿designator,quantity,value,pack,mpn,mount_type
"BAT1, SPK1",2,S2B-ZR-SM4A-TF_LF__SN_,JST_S2B-ZR-SM4A-TF_LF__SN_,,smt
"C1, C20, C21, C8",4,100nF,C_0402_1005Metric,,smt
"C10, C11, C12, C13",4,0.1uF,C_0402_1005Metric,,smt
"C14, C15",2,18pF,C_0402_1005Metric,,smt
"C16, C17, C19, C2, C4",5,1uF,C_0402_1005Metric,,smt
"C18, C5, C6, C7",4,10uF,C_0402_1005Metric,,smt
C3,1,22uF,C_0402_1005Metric,,smt
C9,1,4.7uF,C_0402_1005Metric,,smt
"D1, D6, D7",3,BAS5202VH6327XTSA1,SODFL1608X59N,,smt
"D2, D3, D4, D5",4,LED,LED_0402_1005Metric,,smt
IC1,1,IRM-H638T/TR2,SOP254P700X405-4N,,smt
J1,1,TYPE-C-31-M-12,HRO_TYPE-C-31-M-12,,smt
J3,1,DM3D-SF,DM3DSF,,smt
"Q1, Q2, Q3",3,NTA4151PT1G,SOT50P160X90-3N,,smt
Q4,1,TPNTA4153NT1G,SOT-523,,smt
QWIIC1,1,SM04B-SRSS-TB_LF__SN_,JST_SM04B-SRSS-TB_LF__SN_,,smt
"R1, R14, R17",3,100K,R_0402_1005Metric,,smt
"R10, R12, R25",3,12K,R_0402_1005Metric,,smt
"R11, R5, R6, R8, R9",5,220R,R_0402_1005Metric,,smt
"R13, R19, R20, R21, R22, R23, R24",7,10K,R_0402_1005Metric,,smt
R15,1,634K,R_0402_1005Metric,,smt
R16,1,1M,R_0402_1005Metric,,smt
R18,1,47,R_0402_1005Metric,,smt
"R2, R3, R4, R7",4,5.1K,R_0402_1005Metric,,smt
"S1, S2",2,B3U-3000P,SW_B3U-3000P,,smt
U1,1,NCP167BMX330TBG,VREG_NCP167BMX330TBG,,smt
U2,1,ESP32-S3-WROOM-1,ESP32-S3-WROOM-1U,,smt
U3,1,MAX98357AETE+T,Maxim_Electronics-21-0896-0-0-0,,tht
U4,1,TP4057,SOT-23-6,,smt
U5,1,USB2244,QFN-36-1EP_6x6mm_P0.5mm_EP4.1x4.1mm,,smt
U6,1,USBLC6-2P6,SOT-666,,smt
U7,1,1.69_Rounded_FPC,fpc_12_pin_0.7_pitch,,smt
U8,1,OWMMOD-403010A-S261F,MIC_OWMMOD-403010A-S261F,,smt
Y1,1,Crystal_GND24 (24MHz),Crystal_SMD_3225-4Pin_3.2x2.5mm,,smt
